{"cameraMode":{"drawMode":0,"name":"Shaded","section":"Shading Mode"},"sceneLighting":true,"audioPlay":false,"sceneViewState":{"m_AlwaysRefresh":false,"showFog":true,"showSkybox":true,"showFlares":true,"showImageEffects":true,"showParticleSystems":true,"showVisualEffectGraphs":true,"m_FxEnabled":true},"in2DMode":false,"pivot":{"x":-0.3627716302871704,"y":0.3030126988887787,"z":-0.05007219314575195},"rotation":{"x":-0.01275314949452877,"y":-0.6161436438560486,"z":0.010477453470230103,"w":-0.7874988317489624},"size":0.8237080574035645,"orthographic":false}